name,artist
Local Forecast - Elevator,Kevin MacLeod
"Coconut Mall (From ""Mario Kart Wii"")",Arcade Player
Loonboon,Laura Shigihara
bee.,GroovyDominoes52
GCN Luigi Circuit,Arcade Player
Graze the Roof,Laura Shigihara
Crazy Dave (Intro Theme),Laura Shigihara
Wii Party,void angel
the cat from ipanema,j1gggs
Grasswalk,Laura Shigihara
"Able Sisters (From ""Animal Crossing: New Leaf"")",OttoLab 91'
Jetpack Joyride Main Theme,Halfbrick
Cast List,3000m
sans.,Toby Fox
Staff Roll,3000m
Watery Graves (In-Game),Laura Shigihara
Still Alive,makruzyy
Overworld Day,Re-Logic
STH1 Green Hill Zone 〜 Mega Drive version 〜,Masato Nakamura
Loonboon (In-Game),Laura Shigihara
Yoshi's Island,3000m
Wandering the Plains,3000m
Driftveil City,Kunning Fox
Jumper,Waterflame
It's Pizza Time!,Mr. Sauceman
Underground,Re-Logic
The Moon (Duck Tales OST),Yoshihiro Sakaguchi
