name,artist,album
Andromeda,LXST CXNTURY,Andromeda
ODIUM,"LXST CXNTURY, Kingpin Skinny Pimp",UNIVERSE OF THE PAST
Close Eyes,DVRST,Close Eyes
TOKYO,LXST CXNTURY,UNIVERSE OF THE PAST
INFINITY VOLUME TWO,LXST CXNTURY,UNIVERSE OF THE PAST
Closed,plenka,Pt. One
Scary Garry,"Kaito Shoma, DJ Paul, Kingpin Skinny Pimp",Scary Garry
North Memphis,Pharmacist,North Memphis
Nostalgia,BLESSED MANE,Memories
Visitor,plenka,Pt. Three
Your Name,DVRST,Still Breathing
Desolation,CREEPYMANE,Reborn
Space Odyssey,SPVRROW,Space Odyssey
Dream Space,DVRST,Dream Space
Lost Orion,BLESSED MANE,Memories
No,plenka,Pt. One
DISTORTION,LXST CXNTURY,UNIVERSE OF THE PAST
Stay With Me,1nonly,Stay With Me
help_urself,Ezekiel,help_urself
I Cant Feel My Face,"GOTOU寄生獣, Maze",I Cant Feel My Face
Wtf U Mean,"HAARPER, Freddie Dredd",Wtf U Mean
HOLY SMOKES!,SXMPRA,HOLY SMOKES!
COWBELL WARRIOR!,SXMPRA,COWBELL WARRIOR!
Never Met!,ENCASSATOR,No Mercy
Dynamic,KSLV Noh,Dynamic
Live Another Day,Kordhell,Phonkageddon
PANIC ATTACK,PANICX,PANIC ATTACK
PROPHECY,SHADXWBXRN,PROPHECY
Smoke,Beneath My Shade,Smoke
NEXTBOT!,HAARPER,NEXTBOT!
Komarovo (DVRST Phonk Remix),"DVRST, Igor Sklyar, Atomic Heart",Atomic Heart (Original Game Soundtrack) Vol.1
Riders,onimanxd,Riders
スピードデーモン,HXVRMXN,スピードデーモン
Endless Love,"DVRST, OBLXKQ",Endless Love
Autumn Wind,DVRST,Autumn Wind
I Don't Give a Fuck,"Ghostface Playa, Pharmacist",Cruisin’ Down Da Block
GAZ,Kaito Shoma,GAZ
IMMORTAL,PlayaPhonk,IMMORTAL
HOUSE,PRXSXNT FXTURE,HOUSE
NIGHT RIDE,"KUTE, BLESSED MANE",NIGHT RIDE
Swaggin' at the Partment,Ghostface Playa,High as Fuck
Sangria,Alx Beats,Sangria
Mall,Tokyomane,Mall
Ishimura,BLESSED MANE,Memories
Solace,"KUTE, KSLV Noh",Solace
KILLKA,"Ghostface Playa, fkbambam",FROM THE NORTH
Kill You,moduz,Love Death
